id,option_text,discipline,source,created_at,updated_at,sector_id,subsector_id
6adffe1b-c935-4d62-a5e6-7556533cf227,"Consult your local PSA for information about the ""If You See Something, Say Something™™"" public awareness campaign. For more information, visit the DHS website at https://www.dhs.gov/see-something-say-something/campaign-materials.",Facility Information,,2025-10-16T14:51:22+00,2025-10-16T14:51:22+00,,
c796e953-d06d-4726-9be6-4b9113c8d509,Invite the agency to visit the facility. Provide a tour to familiarize first responders with the site layout.,First Preventers-Responders,,2025-10-16T14:51:22+00,2025-10-16T14:51:22+00,,
bece3238-dca7-44a0-b84e-983b971a1b74,Establish annual onsite visits for first responders to maintain their familiarity with the facility.,First Preventers-Responders,,2025-10-16T14:51:22+00,2025-10-16T14:51:22+00,,
9d12ed55-1447-4c9d-9ad5-a4a6e24f3d4d,"Develop and provide emergency responders with an offsite emergency responder booklet that includes facility floor plans and identifies utility shutoffs, outside exits, etc.",First Preventers-Responders,,2025-10-16T14:51:22+00,2025-10-16T14:51:22+00,,
766445fd-e333-45cc-99b4-610c5327b6bf,Collaborate with the agency on potential solutions to achieve cost-effective interoperable communications onsite.,First Preventers-Responders,,2025-10-16T14:51:22+00,2025-10-16T14:51:22+00,,
dc258a17-70a4-412f-9326-9f488e970ce0,"Explore the option of an interconnect system, such as a gateway that can allow communication between radio systems that are otherwise incompatible because they operate on different frequency bands or using different technologies.",First Preventers-Responders,,2025-10-16T14:51:22+00,2025-10-16T14:51:22+00,,
eb440f2b-26cc-44ec-96c8-82496edb19ff,"Consult your local police department, sheriff's office, and/or PSA regarding opportunities to enhance information sharing with the JTTF. Information about JTTFs is also available via the FBI website, at https://www.fbi.gov/investigate/terrorism/joint-terrorism-task-forces.",Information Sharing,,2025-10-16T14:51:22+00,2025-10-16T14:51:22+00,,
36dd8279-69b5-4583-94c4-19d6750ebcdb,"Consult your local PSA regarding opportunities to enhance information sharing with the appropriate ISAC. Additional information is available via the National Council of ISACs website, at https://www.nationalisacs.org.",Information Sharing,,2025-10-16T14:51:22+00,2025-10-16T14:51:22+00,,
04b2e09d-1967-4334-88b3-457d966587b2,"Consult your local PSA to become a member of the HSIN community. Information about HSIN is also available via the DHS website, at https://www.dhs.gov/homeland-security-information-network-hsin.",Information Sharing,,2025-10-16T14:51:22+00,2025-10-16T14:51:22+00,,
d4613642-c6e4-4d0a-a972-b4d7bb9f7d32,"Consult your local PSA about becoming a member of InfraGard. Additional information is also available via the InfraGard website, at https://www.infragard.org.",Information Sharing,,2025-10-16T14:51:22+00,2025-10-16T14:51:22+00,,
5a32106e-fcdb-421b-9332-c11fc5dde787,"Consult your local PSA regarding opportunities to enhance information sharing with federal agencies, such as the FBI and other federal law enforcement (e.g., FPS, TSA, ICE), JTTF, ATF, InfraGard, U.S. Attorney's Office ATAC, DHS, NOAA, USGS, and CDC.",Information Sharing,,2025-10-16T14:51:22+00,2025-10-16T14:51:22+00,,
7597fb8b-3d5c-4ffe-84c4-ffab1f659b51,"Consult your local police department, sheriff's office, and/or PSA regarding opportunities to enhance information sharing with federal agencies, such as the FBI and other Federal law enforcement (e.g., FPS, TSA, ICE), JTTF, ATF, InfraGard, U.S. Attorney's Office ATAC, DHS, NOAA, USGS, and CDC.",Information Sharing,,2025-10-16T14:51:22+00,2025-10-16T14:51:22+00,,
6ad93883-cd8d-43b8-a58b-0ebadde57ad7,Consult your local PSA regarding opportunities to enhance information sharing with state and/or major urban area fusion centers.,Information Sharing,,2025-10-16T14:51:22+00,2025-10-16T14:51:22+00,,
40479f29-3664-4e6a-86e5-9426f2eba551,"Consult your local police department, sheriff's office, and/or PSA regarding opportunities to enhance information sharing with state and/or major urban area fusion centers.",Information Sharing,,2025-10-16T14:51:22+00,2025-10-16T14:51:22+00,,
423a69e1-5d5d-4b5b-9296-c18c8196ecc0,"Establish a liaison with state and/or major urban area fusion centers to enhance communications, coordination, and cooperation.",Information Sharing,,2025-10-16T14:51:22+00,2025-10-16T14:51:22+00,,
3f1d6c91-a9aa-48c1-a4c3-c3119a8341ee,Consult your local PSA regarding opportunities to enhance information sharing with the state EMA.,Information Sharing,,2025-10-16T14:51:22+00,2025-10-16T14:51:22+00,,
2ae35f60-fc58-4d29-b74b-be5ceab5ff5f,"Consult your local police department, sheriff's office, and/or PSA regarding opportunities to enhance information sharing with the state EMA.",Information Sharing,,2025-10-16T14:51:22+00,2025-10-16T14:51:22+00,,
91973336-6991-479c-ac12-1ebbee173134,Consult your local PSA regarding opportunities to enhance information sharing with state law enforcement.,Information Sharing,,2025-10-16T14:51:22+00,2025-10-16T14:51:22+00,,
9037870e-51c2-4644-9fcc-2a5c65bb1ffc,"Establish a liaison with state law enforcement to enhance information exchange, clarify emergency response roles, track threat conditions, and support investigations.",Information Sharing,,2025-10-16T14:51:22+00,2025-10-16T14:51:22+00,,
beb38b02-a1be-4c0e-9d0b-c001bc60a7ac,"Coordinate the facility's security and emergency response plans with state law enforcement. Share critical information about the facility (e.g., floor plans, location of critical assets or areas, and notification and contact lists).",Information Sharing,,2025-10-16T14:51:22+00,2025-10-16T14:51:22+00,,
79887bb2-f9ba-4a6d-b9d6-da246afc5bcc,Consult your local PSA regarding opportunities to enhance information sharing with the local EMA.,Information Sharing,,2025-10-16T14:51:22+00,2025-10-16T14:51:22+00,,
3a886ff6-79b9-43ec-a88d-8ffd98e5cd70,Consult your local PSA regarding opportunities to enhance information sharing with local law enforcement.,Information Sharing,,2025-10-16T14:51:22+00,2025-10-16T14:51:22+00,,
8c4b6971-f550-4d25-95e8-3852b3aebef8,"Establish a liaison with local law enforcement to enhance information exchange, clarify emergency response roles, track threat conditions, and support investigations.",Information Sharing,,2025-10-16T14:51:22+00,2025-10-16T14:51:22+00,,
22ed2ac0-77d8-415c-9815-d94da7b2cddc,"Coordinate the facility's security and emergency response plans with local law enforcement. Share critical information about the facility (e.g., floor plans, location of critical assets or areas, and notification and contact lists).",Information Sharing,,2025-10-16T14:51:22+00,2025-10-16T14:51:22+00,,
78e489c9-d67b-4f87-a7f9-43e5517e9026,"Establish relationships and open dialogue including regular meetings with neighboring facilities, adjacent tenants, or associated departments to share security and safety information.",Information Sharing,,2025-10-16T14:51:22+00,2025-10-16T14:51:22+00,,
68fda92a-ebf2-460b-8de7-0a7b60ce495a,"Consider hiring a security manager or designate an employee to act as a security manager and task that person with developing, implementing, and coordinating all security-related activities. If possible, choose an employee with previous security experience. Consult Facility Security Plan: An Interagency Security Committee Guide for more information.",Security Management,,2025-10-16T14:51:22+00,2025-10-16T14:51:22+00,,
29851710-8652-4e8f-8f82-a0b27c2d4a17,"Develop a comprehensive security plan specific to the facility. The plan should address issues such as the following: protection of employees, contractors/vendors, visitors, and executives; protection of sensitive information; protection of funds; facility access control procedures; suspicious activity reporting procedures; employee termination procedures; parking; mail security; background checks; prohibited items; security force; end-of-day security checks; control and accountability of equipment (including keys); electronic security systems (including CCTV); physical security inspection programs; and employee security awareness training programs. Train personnel on the plan, and exercise the plan at least once a year.",Security Management,,2025-10-16T14:51:22+00,2025-10-16T14:51:22+00,,
5d48ebf2-6a3d-4777-b41c-763ded015979,"Develop a comprehensive security plan specific to the facility. The plan should address topics such as the following: physical security measures and systems, security force, access control procedures, information protection, and security awareness training. In addition, the plan should include elements such as the following: an assessment of possible security risks; a review of threats to the facility and the facility's vulnerabilities; an up-to-date point of contact roster for key personnel responsible for security and first responders; and identification of critical assets or areas. Train personnel on the plan, and exercise the plan at least once a year.",Security Management,,2025-10-16T14:51:22+00,2025-10-16T14:51:22+00,,
74932137-f18c-4b27-a7b9-e78af990fa8d,Consult Facility Security Plan: An Interagency Security Committee Guide for more information.,Security Management,,2025-10-16T14:51:22+00,2025-10-16T14:51:22+00,,
0c8f9676-5eae-444d-8a56-a84b44250cab,"Develop a comprehensive security plan specific to the facility. Train personnel on the plan, and exercise the plan at least once a year. Consult Facility Security Plan: An Interagency Security Committee Guide for more information.",Security Management,,2025-10-16T14:51:22+00,2025-10-16T14:51:22+00,,
d0ca9ab7-42e8-46dd-9f74-16df83328432,"Develop a facility-specific security plan that articulates what managers, supervisors, employee, and contractor roles and responsibilities are for protecting the facility, critical areas, and high-value equipment.",Security Management,,2025-10-16T14:51:22+00,2025-10-16T14:51:22+00,,
58ab973a-74ae-4d74-b6cc-52395e95846b,Coordinate the security plan with local law enforcement. Consult Facility Security Plan: An Interagency Security Committee Guide for more information.,Security Management,,2025-10-16T14:51:22+00,2025-10-16T14:51:22+00,,
4c226123-2df7-4550-a78b-583693ec4e00,"Coordinate the security plan with local law enforcement, and establish mutual-aid agreements with appropriate response agencies. Consult Facility Security Plan: An Interagency Security Committee Guide for more information.",Security Management,,2025-10-16T14:51:22+00,2025-10-16T14:51:22+00,,
8b726fa6-add1-4137-9fc1-d0c0c34c934f,"Establish a liaison and regular communication with local law enforcement and other first responders, state and federal law enforcement and counterterrorism agencies, and industry organizations to engage in information sharing, clarify response actions, track threat conditions, and support investigations.",Security Management,,2025-10-16T14:51:22+00,2025-10-16T14:51:22+00,,
31c71a2c-a98b-4e80-814e-3e6b1b9f3292,"Share critical information about the facility (e.g., floor plans, the location of critical assets or areas, notification and contact lists) with local law enforcement and emergency responders.",Security Management,,2025-10-16T14:51:22+00,2025-10-16T14:51:22+00,,
3cda12f2-c229-4845-b15b-3dc57bc528a2,"Involve facility operators, security personnel, local police, and other government services, including local fire, emergency management, and emergency services departments at several levels in security planning. Consider involving other department leads such as marketing and communications.",Security Management,,2025-10-16T14:51:22+00,2025-10-16T14:51:22+00,,
d4afd519-3ecf-4f0e-89b3-de3f9e80821b,Conduct training and exercises with law enforcement and emergency responders to familiarize them with the facility and its security and emergency procedures.,Security Management,,2025-10-16T14:51:22+00,2025-10-16T14:51:22+00,,
5ea79afd-49e3-4f84-b6e7-2270ff6b052a,"Train employees to do the following: identify their responsibilities under the facility's security program; recognize connections between the security program's objectives and selected security measures; remain familiar with resources for carrying out security-related responsibilities; and be prepared for security incidents. Consult the Ready.gov website for more information on training, at http://www.ready.gov/business/implementation/training.",Security Management,,2025-10-16T14:51:22+00,2025-10-16T14:51:22+00,,
c89e0f71-2137-48d4-9c28-a93c9aeb6462,Develop a security awareness program that addresses the following topics: Why the facility requires protection strategies.,Security Management,,2025-10-16T14:51:22+00,2025-10-16T14:51:22+00,,
77452e87-466e-43c5-bef8-ed07ec35a8c0,Develop a security awareness program that addresses the following topics: What actions are required to protect specific assets and areas.,Security Management,,2025-10-16T14:51:22+00,2025-10-16T14:51:22+00,,
38ba8c9c-9e5d-460a-bd01-ac55bbe38242,Develop a security awareness program that addresses the following topics: What employees' security responsibilities are and how they can be fulfilled.,Security Management,,2025-10-16T14:51:22+00,2025-10-16T14:51:22+00,,
db13468e-3bf7-4b30-94f5-cffb4ed627cb,Develop a security awareness program that addresses the following topics: How employees can report program violations.,Security Management,,2025-10-16T14:51:22+00,2025-10-16T14:51:22+00,,
be16bc63-aa66-44b4-8c51-81737e2b81a5,Develop a security awareness program that addresses the following topics: How employees can identify indicators of risk or danger and how to respond appropriately.,Security Management,,2025-10-16T14:51:22+00,2025-10-16T14:51:22+00,,
53893362-3b57-468f-aab7-b8ddb2f027d3,"Train employees on suspicious activity reporting procedures, security incident (e.g. bomb threat, active shooter) response procedures, procedures for suspicious packages, access control, and end-of-day security checks. For more information, visit the Ready.gov website at http://www.ready.gov/business/implementation/emergency.",Security Management,,2025-10-16T14:51:22+00,2025-10-16T14:51:22+00,,
97aab5e9-42ab-4e3b-9dd5-7b943ee71766,"Enhance the level of employee security awareness through the distribution of a security-related newsletter, emails, and posters that address threats, concerns, training opportunities, security initiatives, and problem areas. Consult Facility Security Plan: An Interagency Security Committee Guide for more information.",Security Management,,2025-10-16T14:51:22+00,2025-10-16T14:51:22+00,,
7a51ce85-375f-4476-b6b7-31ce711f556e,Test the security plan regularly with drills and tabletop exercises to ensure that adequate resources are available to implement the plan and that all operating units can perform their responsibilities as defined in the plan.,Security Management,,2025-10-16T14:51:22+00,2025-10-16T14:51:22+00,,
aeaac126-b44a-4b9e-98e1-b31cc419d6ef,Exercise the plan at least once annually to ensure it remains applicable as changes occur at the facility. Update the plan as needed.,Security Management,,2025-10-16T14:51:22+00,2025-10-16T14:51:22+00,,
274ec61f-d45f-486a-bc11-9f5d36cdcf82,"Exercise the plan regularly with employees and other appropriate personnel (e.g., building management, tenants) to ensure that adequate resources are available to implement the plan and that all operating units can perform their responsibilities as defined in the plan.",Security Management,,2025-10-16T14:51:22+00,2025-10-16T14:51:22+00,,
f256448d-3bd8-4344-904b-b9bde9a30035,"Involve first responders in exercises to familiarize them with the facility and its security plans, policies, and procedures.",Security Management,,2025-10-16T14:51:22+00,2025-10-16T14:51:22+00,,
fbf62a21-d947-4765-8c01-caf2bf87b30a,"Consult the Ready.gov website for more information, at http://www.ready.gov/business/testing/exercises.",Security Management,,2025-10-16T14:51:22+00,2025-10-16T14:51:22+00,,
b96cec67-e056-4218-b6b8-2fe5b56d866c,Update the security plan to include: An assessment of possible security risks,Security Management,,2025-10-16T14:51:22+00,2025-10-16T14:51:22+00,,
95184bbd-550c-4b32-b498-f5eb8bc5d7af,"Update the security plan to include: A review of threats to, and vulnerabilities of, facility operations and activities",Security Management,,2025-10-16T14:51:22+00,2025-10-16T14:51:22+00,,
f520adb7-d7ce-44b5-9fdc-8750140be756,Update the security plan to include: Identification of critical assets or areas,Security Management,,2025-10-16T14:51:22+00,2025-10-16T14:51:22+00,,
4e0ea041-1df1-4c82-84bd-b3cb33b88506,Update the security plan to include: Liaison with response agencies,Security Management,,2025-10-16T14:51:22+00,2025-10-16T14:51:22+00,,
b55dac03-b7cc-4bc7-953b-ebfea443c9a6,Update the security plan to include: Exercising the plan,Security Management,,2025-10-16T14:51:22+00,2025-10-16T14:51:22+00,,
233c5bee-4de1-4048-9d71-55998564f4bc,"Update the security plan to include: Plan maintenance (e.g., review and revision)",Security Management,,2025-10-16T14:51:22+00,2025-10-16T14:51:22+00,,
2d5ccb3e-5ef0-4f40-8f64-4e89a5750f2f,Update the security plan to include: Executive protection,Security Management,,2025-10-16T14:51:22+00,2025-10-16T14:51:22+00,,
90ac20b4-df55-4053-80e7-f198cf6f651a,"Update the security plan to include: An up-to-date point of contact roster for: Key personnel responsible for security (e.g., the security manager or a designated representative)",Security Management,,2025-10-16T14:51:22+00,2025-10-16T14:51:22+00,,
e3eb422d-f773-40b2-9766-8fd9b02991cd,Update the security plan to include: An up-to-date point of contact roster for: First responders,Security Management,,2025-10-16T14:51:22+00,2025-10-16T14:51:22+00,,
7db78021-a365-47ce-ad73-7492d4bf7466,Update the security plan to include: Physical Security: Management and use of physical security systems,Security Management,,2025-10-16T14:51:22+00,2025-10-16T14:51:22+00,,
1bd4a5a8-7e50-4192-b2a4-919bcbc7a261,Update the security plan to include: Physical Security: Perimeter security,Security Management,,2025-10-16T14:51:22+00,2025-10-16T14:51:22+00,,
7820be8a-205f-4e28-b978-480b2522296b,Update the security plan to include: Physical Security: Parking/delivery/standoff distance,Security Management,,2025-10-16T14:51:22+00,2025-10-16T14:51:22+00,,
7d7e8948-f4da-44ff-92a7-6a3cda2f2130,Update the security plan to include: Physical Security: Illumination,Security Management,,2025-10-16T14:51:22+00,2025-10-16T14:51:22+00,,
95c8d0c0-5bb1-4249-9cc2-e890dd8a9b86,Update the security plan to include: Physical Security: Key control program,Security Management,,2025-10-16T14:51:22+00,2025-10-16T14:51:22+00,,
8e62f7cb-1537-4983-b0ff-4bc89d777dad,Update the security plan to include: Electronic security systems: Locks and technologies,Security Management,,2025-10-16T14:51:22+00,2025-10-16T14:51:22+00,,
32ed555d-1ce1-4ab4-9fc1-2f8868ff3133,Update the security plan to include: Security Force: Staffing,Security Management,,2025-10-16T14:51:22+00,2025-10-16T14:51:22+00,,
f37e9abb-0246-48cc-82e3-0b32a9c1580a,Update the security plan to include: Security Force: Static Post,Security Management,,2025-10-16T14:51:22+00,2025-10-16T14:51:22+00,,
42f170c8-6f61-4715-9a16-377edd23da0d,Update the security plan to include: Security Force: Roving Post,Security Management,,2025-10-16T14:51:22+00,2025-10-16T14:51:22+00,,
0193d643-07e3-4756-a75b-5a2d4e95a935,Update the security plan to include: Security Force: Equipment,Security Management,,2025-10-16T14:51:22+00,2025-10-16T14:51:22+00,,
e6127e85-54dc-4f83-81b1-8f7db074827d,Update the security plan to include: Access control procedures: Employees,Security Management,,2025-10-16T14:51:22+00,2025-10-16T14:51:22+00,,
ced59fbd-31aa-4de6-be05-d91a3bcacff4,Update the security plan to include: Access control procedures: Visitors,Security Management,,2025-10-16T14:51:22+00,2025-10-16T14:51:22+00,,
344ad490-5e53-40c1-b1fb-3ef86b64a33e,Update the security plan to include: Access control procedures: Contractors,Security Management,,2025-10-16T14:51:22+00,2025-10-16T14:51:22+00,,
2d20c761-7e85-4675-94c7-ee6533bb67ac,Update the security plan to include: Access control procedures: Customers,Security Management,,2025-10-16T14:51:22+00,2025-10-16T14:51:22+00,,
974c90cb-fb0b-41bd-bbb0-fc41c137a85e,Update the security plan to include: A security awareness training program that addresses: Terrorist incidents,Security Management,,2025-10-16T14:51:22+00,2025-10-16T14:51:22+00,,
6a0787ea-a941-4c88-ac8c-d6bf88f6d0ae,Update the security plan to include: A security awareness training program that addresses: Security communications policy or procedures,Security Management,,2025-10-16T14:51:22+00,2025-10-16T14:51:22+00,,
c7e0c710-aa39-47a8-a50b-05b2af209cd4,Update the security plan to include: A security awareness training program that addresses: Information protection/OPSEC,Security Management,,2025-10-16T14:51:22+00,2025-10-16T14:51:22+00,,
530fe804-96f8-4cea-9d76-a8a031d7d46e,Update the security plan to include: A security awareness training program that addresses: Personnel security,Security Management,,2025-10-16T14:51:22+00,2025-10-16T14:51:22+00,,
8259a75e-9286-410c-9b19-c7352ca9e7fb,"Update the security plan to include: A security awareness training program that addresses: Criminal activities (e.g., break-ins)",Security Management,,2025-10-16T14:51:22+00,2025-10-16T14:51:22+00,,
4cb1a25d-a062-484b-a7ce-7d0c2a52bf11,Update the security plan to include: A security awareness training program that addresses: Hostage situations,Security Management,,2025-10-16T14:51:22+00,2025-10-16T14:51:22+00,,
364f9630-54bb-4c96-9980-cb9628860be7,"Update the security plan to include: Active shooter: Develop a response plan and training program to provide guidance on how to respond to an active shooter. Refer to the DHS website for resources, including online training, booklets, and posters, at https://www.dhs.gov/active-shooter-preparedness.",Security Management,,2025-10-16T14:51:22+00,2025-10-16T14:51:22+00,,
c87ad06f-6b1c-4f40-9ade-d0d5cc066ddd,"Update the security plan to include: Internal disturbances (e.g., workplace violence): Develop a checklist of steps to be taken when terminating an employee that includes revoking access to cyber systems, email, etc. and addresses the return of keys, access cards, uniforms, and other property.",Security Management,,2025-10-16T14:51:22+00,2025-10-16T14:51:22+00,,
d2057cc0-4a7d-4fdf-9c4e-f4f48fb8d073,"Update the security plan to include: Internal disturbances (e.g., workplace violence): Implement a policy that deals with termination procedures for hostile employees.",Security Management,,2025-10-16T14:51:22+00,2025-10-16T14:51:22+00,,
52f232d4-919c-4301-bd72-5c682b433877,"Refer to the FEMA Emergency Management Institute's Independent Study Program training course IS-906: Workplace Security Awareness. This free, 1-hour course provides guidance to individuals and organizations on how to improve security in the workplace and is available at http://training.fema.gov/EMIWeb/IS/IS906.asp.",Security Management,,2025-10-16T14:51:22+00,2025-10-16T14:51:22+00,,
81ccdac0-04c3-4a54-adbc-0a345c79587d,Develop procedures for handling suspicious packages.,Security Management,,2025-10-16T14:51:22+00,2025-10-16T14:51:22+00,,
b43f6432-beb4-46a5-9681-0089cebdb007,Incorporate procedures on how to handle suspicious packages into initial and annual security training programs.,Security Management,,2025-10-16T14:51:22+00,2025-10-16T14:51:22+00,,
72f0c455-efb0-4694-86ce-6fc676e8fd11,"Implement U.S. Postal Service mail center security procedures to assess, prevent, and respond to threats such as suspicious letters and packages; bomb threats; and chemical, biological, or radiological contamination.",Security Management,,2025-10-16T14:51:22+00,2025-10-16T14:51:22+00,,
4e44568f-a733-49ac-a8fc-79147007850a,Prominently display informational materials on suspicious package indicators in the mailroom.,Security Management,,2025-10-16T14:51:22+00,2025-10-16T14:51:22+00,,
fe46fbca-3638-419f-ab4b-569be6067d39,"Refer to the Ready.gov website for information about suspicious packages and letters, at http://www.ready.gov/explosions.",Security Management,,2025-10-16T14:51:22+00,2025-10-16T14:51:22+00,,
d6d1e67a-05c4-403c-9ba8-1a544107adea,Ensure bomb threat checklists are accessible at all work stations where inbound calls are received.,Security Management,,2025-10-16T14:51:22+00,2025-10-16T14:51:22+00,,
2938b035-0a72-477f-89ff-b9997cde1af5,"Create and use a central repository for all U.S. mail and other deliveries where packages can then be picked up or delivered to addressees in a controlled manner. See U.S. Postal Service guidelines for a mail room so that if anything suspicious does occur, it will minimally impact the overall operation of the site, if at all. Consult the DHS guidance document, Best Practices for Mail Screening and Handling Processes: A Guide for the Public and Private Sectors to inform the development of policies, procedures, and training for recognizing and handling suspicious packages.",Security Management,,2025-10-16T14:51:22+00,2025-10-16T14:51:22+00,,
078ba49c-6de6-4abc-80e4-0d5f50b6dabc,"Consult the DHS guidance document, Best Practices for Mail Screening and Handling Processes: A Guide for the Public and Private Sectors, available at https://www.dhs.gov/sites/default/files/publications/Mail_Handling_Document_NonFOUO%209-27-2012.pdf, to inform the development of policies, procedures, and training for recognizing and handling suspicious packages.",Security Management,,2025-10-16T14:51:22+00,2025-10-16T14:51:22+00,,
23e3181f-d9ce-4b55-ad2a-3d24dd63f709,Train facility or organization volunteers on suspicious-package and IED recognition using local explosivedetection -teams for partnership opportunities.,Security Management,,2025-10-16T14:51:22+00,2025-10-16T14:51:22+00,,
47be543b-2c5f-4643-8bb9-17805b157de1,Implement a mass notification process using an existing speaker / intercom system. Test and exercise the process on a routine basis.,Security Management,,2025-10-16T14:51:22+00,2025-10-16T14:51:22+00,,
1970d56b-86cc-409a-9606-b7a4f39638d9,"Install a mass notification system that alerts participants to an event. The best system will involve sound, illumination, and vibration so that it gets the attention of the widest range of people. Test and exercise the notification system on a routine basis.",Security Management,,2025-10-16T14:51:22+00,2025-10-16T14:51:22+00,,
b3abf1b9-be0e-4cf7-8c39-8fe20ca2465a,Test and exercise any mass notification system on a routine basis.,Security Management,,2025-10-16T14:51:22+00,2025-10-16T14:51:22+00,,
8c800491-85b6-468b-a2db-1fd52c710787,"Provide posters, training, briefings or similar materials on a routine basis to volunteers, employees and even customers or patrons as needed. Post signage relating to emergency entry and exit points, first aid stations, and shelter locations. Encourage the importance of reporting suspicious activity. Reinforce the significance of being alert and aware of your surroundings.",Security Management,,2025-10-16T14:51:22+00,2025-10-16T14:51:22+00,,
5b84a25b-756d-46a2-a9a1-4a5f1c45a4ba,Encourage employees and volunteers to become involved with security or form security teams for special events.,Security Management,,2025-10-16T14:51:22+00,2025-10-16T14:51:22+00,,
fec790fc-0c7d-40f9-bb5c-04daa2588997,"Establish a system for reporting security concerns. Include mechanisms for the documentation, investigation, and review of related incidents and actions taken.",Security Management,,2025-10-16T14:51:22+00,2025-10-16T14:51:22+00,,
c80db96d-161c-4ab9-bbbe-17b59e04601c,"Join relevant security working groups. Establish liaisons and regular communications with federal, state, local, private sector, and/or industry working groups to enhance information sharing, track threat conditions, and support investigations.",Security Management,,2025-10-16T14:51:22+00,2025-10-16T14:51:22+00,,
670cb342-c085-4d8a-a3e4-88064abd9b5c,Conduct background checks on all employees.,Security Management,,2025-10-16T14:51:22+00,2025-10-16T14:51:22+00,,
1def1664-574d-4148-bd8f-fcddb54917cb,Conduct initial and recurring background checks on all employees.,Security Management,,2025-10-16T14:51:22+00,2025-10-16T14:51:22+00,,
9c268e02-8bd1-400a-90cf-6c69dcf7a0e0,Conduct initial and recurring background checks on all employees working in positions of trust or who are assigned to critical or sensitive areas.,Security Management,,2025-10-16T14:51:22+00,2025-10-16T14:51:22+00,,
c45b4284-5355-4d48-b182-77ba514f5e8d,"Require contracting companies, temporary employment agencies, and/or vendors to conduct background checks on their personnel who will work at and/or visit the facility and to make such records available for audit.",Security Management,,2025-10-16T14:51:22+00,2025-10-16T14:51:22+00,,
3ccf627e-14ac-4221-b876-380d4e8c5467,"Conduct background checks on all employees, including temporary employees.",Security Management,,2025-10-16T14:51:22+00,2025-10-16T14:51:22+00,,
2eab1353-91f1-4876-a6ad-89c5a15ae110,"Conduct background checks on all employees, not only employees identified as critical to facility operations.",Security Management,,2025-10-16T14:51:22+00,2025-10-16T14:51:22+00,,
c004fa2d-01ae-4db5-8324-ae737045db40,Conduct recurring background check on employees.,Security Management,,2025-10-16T14:51:22+00,2025-10-16T14:51:22+00,,
b5c9995f-bd9f-47f0-8867-de44296b044b,"Conduct recurring background checks on employees as appropriate. For example, recurring background checks may be necessary for employees working in positions of trust or assigned to critical or sensitive areas. Recurring background checks may occur on an annual basis, randomly, or on special occasions (e.g., when an employee is eligible for promotion).",Security Management,,2025-10-16T14:51:22+00,2025-10-16T14:51:22+00,,
b3676a13-e6c2-4d65-bdc0-e1191b141bfe,Conduct background checks on security personnel.,Security Management,,2025-10-16T14:51:22+00,2025-10-16T14:51:22+00,,
3beba669-671c-448c-a408-606c0aa2c4b7,Conduct recurring background checks on security personnel.,Security Management,,2025-10-16T14:51:22+00,2025-10-16T14:51:22+00,,
8580e4bc-7410-41ea-8041-4791aca09e84,Conduct background checks on contract security personnel.,Security Management,,2025-10-16T14:51:22+00,2025-10-16T14:51:22+00,,
0c5c6fc0-3f5e-499f-a9d3-772781b380eb,Require security contracting companies to conduct background checks on their personnel who will work at the facility and to make such records available for audit.,Security Management,,2025-10-16T14:51:22+00,2025-10-16T14:51:22+00,,
01872e27-cc79-4352-96f9-6bc02891f68d,Ensure recurring background checks are conducted on contract security personnel.,Security Management,,2025-10-16T14:51:22+00,2025-10-16T14:51:22+00,,
336273e8-6cb4-403f-8f23-6a1bb27c1f7e,Conduct background checks on all contractors.,Security Management,,2025-10-16T14:51:22+00,2025-10-16T14:51:22+00,,
17991593-cfd6-4e22-a3bf-b9df09308802,"Conduct background checks on contractors, especially those working in positions of trust or assigned to critical or sensitive areas.",Security Management,,2025-10-16T14:51:22+00,2025-10-16T14:51:22+00,,
92938aae-9ae1-4111-a33b-e0574a5926dc,Require contracting companies to conduct background checks on their personnel who will work at the facility and to make such records available for audit.,Security Management,,2025-10-16T14:51:22+00,2025-10-16T14:51:22+00,,
af70dfe5-609d-417e-b0de-980fcf06aba6,Ensure recurring background checks are conducted on contractors.,Security Management,,2025-10-16T14:51:22+00,2025-10-16T14:51:22+00,,
0fc91e3b-9f43-4f2c-9efd-cd929449655c,"Ensure recurring background checks are conducted on contractors as appropriate. For example, recurring background checks may be necessary for contractors working in positions of trust or assigned to critical or sensitive areas. Recurring background checks may occur on an annual basis, randomly, or on special occasions (e.g., when an contractor is eligible for reassignment).",Security Management,,2025-10-16T14:51:22+00,2025-10-16T14:51:22+00,,
707d6221-3099-48fc-849b-cedd1bfe10ce,Require vendors to conduct background checks on their personnel who will work at the facility. Obtain proof from vendors that appropriate background checks have been conducted.,Security Management,,2025-10-16T14:51:22+00,2025-10-16T14:51:22+00,,
5c9b5abf-5953-4111-bf4b-301f16369517,Require vendors to conduct recurring background checks on their personnel who will work at the facility. Obtain proof from vendors that recurring background checks are conducted.,Security Management,,2025-10-16T14:51:22+00,2025-10-16T14:51:22+00,,
13e5c868-6c5d-4849-ae7b-3297e7ee5091,"Appoint or nominate a person with appropriate seniority and authority to be accountable for business continuity management policy and implementation. For more information, visit the Ready.gov website.",Resilience Management - Business Continuity,,2025-10-16T14:51:22+00,2025-10-16T14:51:22+00,,
d45e88ca-53ee-4548-bc19-faf46e7f571b,"Develop a comprehensive business continuity plan to be implemented in the aftermath of an incident. The business continuity plan should contain the following elements: a) defined roles and responsibilities for personnel with authority during and following an incident; b) a process for activating the response; c) details to manage the immediate consequences of a disruptive incident (with regard to the welfare of individuals; strategic, tactical, and operational response options, and prevention of further loss or unavailability of prioritized activities); d) details on how and under what circumstances the facility will communicate with employees and their relatives, key interested parties, and emergency contacts; e) how the facility will continue or recover its prioritized activities within predetermined timeframes; f) details of the facility's media response following an incident; and g) a process for standing down once the incident is over. Train personnel on the plan, and exercise the plan at least once a year. For more information, visit the Ready.gov website at http://www.ready.gov/business/implementation/continuity.",Resilience Management - Business Continuity,,2025-10-16T14:51:22+00,2025-10-16T14:51:22+00,,
2f6b4c8e-13d6-479c-880b-681056b8f250,Train all personnel on the business continuity plan annually. Document the completion of training.,Resilience Management - Business Continuity,,2025-10-16T14:51:22+00,2025-10-16T14:51:22+00,,
6ac78b73-49dd-4dec-812a-7a1c3c9c6e48,Provide training to the business continuity team on the roles and responsibilities as defined in the business continuity plan. Provide additional training for leaders including incident management.,Resilience Management - Business Continuity,,2025-10-16T14:51:22+00,2025-10-16T14:51:22+00,,
f69fa827-63f2-48cf-ac9a-eeb9520ec58f,"Evaluate the business continuity plan through annual exercises. Ensure exercises are designed to accomplish the following: 1) Identify planning and procedural deficiencies; 2) Test or validate recently changed procedures or plans; 3) Clarify roles and responsibilities; 4) Obtain participant feedback and recommendations for program improvement; 5) Measure improvement compared to performance objectives; 6) Improve coordination between internal and external teams, organizations, and entities; 7) Validate training and education; and 8) Identify additional resources and assess the capabilities of existing resources, including personnel and equipment needed for effective business continuity and recovery.",Resilience Management - Business Continuity,,2025-10-16T14:51:22+00,2025-10-16T14:51:22+00,,
e4f4fa05-e3df-4084-85b1-bf65f3cb4a95,Establish an alternate site to continue business when the primary location is not accessible. Ensure there is sufficient distance between the alternate site and the facility so they are not likely to be affected by the same incident. Identify the location of the alternate site in the business continuity plan and define who should report to the site and under what conditions.,Resilience Management - Business Continuity,,2025-10-16T14:51:22+00,2025-10-16T14:51:22+00,,
25dba037-2d74-49af-bf67-064eafe442cf,"Develop a comprehensive emergency operation/emergency action plan specific to the facility. The emergency operation/action plan should assign responsibilities for carrying out specific actions to protect people (including those with special needs), property, operations, and the environment in an emergency, and to provide incident stabilization. Train personnel on the plan, and exercise the plan at least once a year. For more information, visit the Ready.gov website at http://www.ready.gov/business/implementation/emergency, and consult Developing and Maintaining Emergency Operations Plans, available at https://www.fema.gov/pdf/about/divisions/npd/CPG_101_V2.pdf.",Resilience Management - Emergency Action Plan,,2025-10-16T14:51:22+00,2025-10-16T14:51:22+00,,
3d253a95-68b4-4c15-8210-1e0410cb6c64,Coordinate the emergency operation/emergency action plan with first responders. Establish MOUS/MOAs as necessary.,Resilience Management - Emergency Action Plan,,2025-10-16T14:51:22+00,2025-10-16T14:51:22+00,,
7e881eb5-12cf-4c01-9716-0b81f886e954,"Train all personnel on the emergency operation/emergency action plan at least annually. For more information, visit the Ready.gov website at http://www.ready.gov/business/implementation/training.",Resilience Management - Emergency Action Plan,,2025-10-16T14:51:22+00,2025-10-16T14:51:22+00,,
a1852eba-9319-4112-9839-11989acd0a9e,"Train volunteer congregants/staff in basic life-saving procedures, such as CPR/First Aid, and Stop-the-Bleed. Ensure that AEDs, first aid kits, and Stop-the-Bleed kits are easily accessible.",Resilience Management - Emergency Action Plan,,2025-10-16T14:51:22+00,2025-10-16T14:51:22+00,,
e7e9531c-3176-4c4f-be9c-0f6f38b9d060,"Conduct regular drills and exercises to validate the emergency operation/emergency action plan and to evaluate the ability of personnel to carry out their assigned roles and responsibilities. For more information, visit the Ready.gov website at http://www.ready.gov/business/testing/exercises.",Resilience Management - Emergency Action Plan,,2025-10-16T14:51:22+00,2025-10-16T14:51:22+00,,
3d41a7d6-aa1a-448c-88b7-6ef95a9d5b59,"Consult the Homeland Security Exercise and Evaluation Program website, at https://www.fema.gov/media-library/assets/documents/32326, for a set of fundamental principles that frame a common approach to exercises, among other helpful resources.",Resilience Management - Emergency Action Plan,,2025-10-16T14:51:22+00,2025-10-16T14:51:22+00,,
4d2bb0b3-a738-4a2f-acbd-2658be7895bb,"Establish emergency escape procedures and route assignments (e.g., floor plans, safe areas), including where to evacuate and how to evacuate when the primary evacuation routes are unusable.",Resilience Management - Emergency Action Plan,,2025-10-16T14:51:22+00,2025-10-16T14:51:22+00,,
2d25186d-35bb-4ce9-a93f-cff5a79616a9,"Ensure that plans clearly explain shelter-in-place and lockdown procedures, including the differences between the two.",Resilience Management - Emergency Action Plan,,2025-10-16T14:51:22+00,2025-10-16T14:51:22+00,,
2c8e0792-db8f-44a2-8880-23e515e0057e,"Designate sheltering sites throughout the facility. Optimal locations have ballistic protection known as ""cover"" which includes thick walls made of steel, cinder block, or brick and mortar; solid doors with locks; and areas with minimal glass and interior windows.",Resilience Management - Emergency Action Plan,,2025-10-16T14:51:22+00,2025-10-16T14:51:22+00,,
319e2f5c-0d7a-4d23-854b-cb6d3906ddc9,"Stock sheltering sites with accessible first aid and emergency kits designed for hemorrhage control, communication devices, and telephones and/or duress alarms.",Resilience Management - Emergency Action Plan,,2025-10-16T14:51:22+00,2025-10-16T14:51:22+00,,
03db5797-ea1b-47b9-b1ca-a6265273e232,Ensure that all sheltering sites and evacuation routes are accessible to persons with disabilities.,Resilience Management - Emergency Action Plan,,2025-10-16T14:51:22+00,2025-10-16T14:51:22+00,,
9c71520f-307a-42ea-904f-077b7713949d,"Develop a comprehensive security plan specific to the facility. Train personnel on the plan, and exercise the plan at least once a year. Consult Facility Security Plan: An Interagency Security Committee Guide for more information.",Security Force,,2025-10-16T14:51:22+00,2025-10-16T14:51:22+00,,
89f81ba6-4b3f-43a9-9a06-8468b14816da,Ensure that the size of the security force allows for adequate staffing of static posts and roving patrols.,Security Force,,2025-10-16T14:51:22+00,2025-10-16T14:51:22+00,,
a16e1ecd-8ea1-4035-9697-f6750b9b4a1b,"Ensure that the security force has the equipment necessary to meet the requirements established by security management (e.g., uniforms, communications, personal protective equipment).",Security Force,,2025-10-16T14:51:22+00,2025-10-16T14:51:22+00,,
f620c5c1-c7cf-450f-b9a5-de35daf10f10,"Ensure that the security force receives adequate, continuous training on topics such as emergency response, weapons and self-defense, standard operating procedures, and screening and access.",Security Force,,2025-10-16T14:51:22+00,2025-10-16T14:51:22+00,,
985ae6b1-49b0-4da5-a7a5-5b3dba887cae,Provide the security force with comprehensive post orders and a dedicated command and control/operation center.,Security Force,,2025-10-16T14:51:22+00,2025-10-16T14:51:22+00,,
603c5f7e-218b-4f4d-9279-7e297a722ea2,Create a surge capacity plan to augment the security force during special circumstances or elevate threats.,Security Force,,2025-10-16T14:51:22+00,2025-10-16T14:51:22+00,,
fb8606ec-ed3a-41bb-b55d-320e8e81d0c6,"Explore the feasibility of establishing or contracting a security force to actively protect assets, property, and employees, and to rapidly respond to security incidents and/or emergencies. Depending on state and local regulations, security personnel may be subject to registration, licensing, certification, specific training, and other requirements.",Security Force,,2025-10-16T14:51:22+00,2025-10-16T14:51:22+00,,
403f0bf5-b3d7-4c87-b04e-6bc2ab53f235,Create a surge capacity plan to augment the security force during special circumstances or elevated threats.,Security Force,,2025-10-16T14:51:22+00,2025-10-16T14:51:22+00,,
e787e0de-ff65-476d-bd0f-ec967ecfacc6,Establish a security or threat assessment team that can identify potential threats and respond to security incidents at the facility.,Security Force,,2025-10-16T14:51:22+00,2025-10-16T14:51:22+00,,
5288335a-de38-40f0-a161-86006f3a35f4,"Provide the security and threat assessment teams training that include basic security principles, threat indicators, and response to natural and intentional threats.",Security Force,,2025-10-16T14:51:22+00,2025-10-16T14:51:22+00,,
7df0d98e-ac69-4b85-9e26-f5e83853f5ac,"Establish a surge capacity plan to augment the security force during special circumstances, for example, during special events or natural disasters, and elevated threat situations. Options may include law enforcement officers (MOA, contract, and/or off-duty) or contract security (as part of an existing contract and/or another contract). Detail in the surge capacity plan the roles, responsibilities, and chain of command for both regular and surge forces.",Security Force,,2025-10-16T14:51:22+00,2025-10-16T14:51:22+00,,
05cf1530-71de-4116-8e8a-a84d6b5ff731,"Explore the feasibility of extending the security force to provide a continuous, onsite presence at the facility to actively protect assets, property, and employees, and to rapidly respond to security incidents and/or emergencies.",Security Force,,2025-10-16T14:51:22+00,2025-10-16T14:51:22+00,,
5c007072-94a2-4200-a2b9-bc5cb7a8116b,Post security personnel at assets and areas where a continuous security force presence is necessary.,Security Force,,2025-10-16T14:51:22+00,2025-10-16T14:51:22+00,,
55d5dd61-9d4b-4ac1-baab-335ee3ba9094,"Provide special instructions for each post, such as duties, staffing hours, and required equipment.",Security Force,,2025-10-16T14:51:22+00,2025-10-16T14:51:22+00,,
5f4478c5-b439-4b5f-9f9b-d2c58063d270,Establish a designated method of relief for security personnel assigned to static posts.,Security Force,,2025-10-16T14:51:22+00,2025-10-16T14:51:22+00,,
dda44fee-1c29-480b-af2c-4c1f5c18ce0c,"Provide additional communications equipment to the security force, such as cell phones, duress alarms, and/or panic buttons.",Security Force,,2025-10-16T14:51:22+00,2025-10-16T14:51:22+00,,
b05e1dec-85e6-40fc-99cb-63a165a0070b,Ensure the security force receives training on emergency response procedures to bomb threats.,Security Force,,2025-10-16T14:51:22+00,2025-10-16T14:51:22+00,,
5e3a34a2-2ece-4320-95f8-45fb698e746f,"For information about bombing prevention training available through the DHS Office of Bombing Prevention, visit https://www.dhs.gov/bombing-prevention-training.",Security Force,,2025-10-16T14:51:22+00,2025-10-16T14:51:22+00,,
ca5c6b85-492e-48c3-82cf-fc0f1279e171,Consult with your local PSA for more information on a variety of related training and resources that are available from the DHS Office of Bombing Prevention.,Security Force,,2025-10-16T14:51:22+00,2025-10-16T14:51:22+00,,
46f1fe44-6ddf-4cb2-9da6-2c782c03113f,"Consult local and state law enforcement agencies' websites that may provide information and training on emergency preparedness and response to mass casualty events, including IED attacks.",Security Force,,2025-10-16T14:51:22+00,2025-10-16T14:51:22+00,,
2d4df21a-8420-48f7-ae9e-b0ed8b447522,Ensure the security force receives training on emergency response procedures for break-ins.,Security Force,,2025-10-16T14:51:22+00,2025-10-16T14:51:22+00,,
ef64757c-5fd5-4b25-9a0c-2c0b4f3fae0a,Ensure the security force receives training on emergency response procedures for hostage/barricade situations.,Security Force,,2025-10-16T14:51:22+00,2025-10-16T14:51:22+00,,
b65b3110-3f63-4f4a-af38-50ddfe0113ac,Ensure the security force receives training on emergency response procedures for fires.,Security Force,,2025-10-16T14:51:22+00,2025-10-16T14:51:22+00,,
4cb807c8-d5ab-4891-870d-7f0355e7882e,Ensure the security force receives training on emergency response procedures for a HAZMAT release.,Security Force,,2025-10-16T14:51:22+00,2025-10-16T14:51:22+00,,
223fffc8-38f7-4917-a245-30e273233973,Review the list of FEMA training materials available at http://www.training.fema.gov.,Security Force,,2025-10-16T14:51:22+00,2025-10-16T14:51:22+00,,
e1f3a267-e03a-4069-8fdf-50d21c8ba1fc,Ensure the security force receives training on emergency response procedures for regional natural disasters,Security Force,,2025-10-16T14:51:22+00,2025-10-16T14:51:22+00,,
b632a4f7-1c8c-460e-86c7-2d249515ef1f,Ensure the security force receives training on CPR/First Aid.,Security Force,,2025-10-16T14:51:22+00,2025-10-16T14:51:22+00,,
bcf29e19-edfe-4abc-8db5-48421b1e8d31,Review the training materials available from the Red Cross at www.redcross.org/take-a-class.,Security Force,,2025-10-16T14:51:22+00,2025-10-16T14:51:22+00,,
6b78a876-bb15-4e45-a3aa-d78e5ee196de,"Ensure the security force receives training on how to respond to an active shooter. Refer to the DHS website for more information on active shooter response training courses, materials, and workshops available through various agencies, at https://www.dhs.gov/active-shooter-preparednes.",Security Force,,2025-10-16T14:51:22+00,2025-10-16T14:51:22+00,,
c8ccd7a9-1393-473e-8593-d9869596a8b8,Develop active shooter response protocols in close coordination with local first responders.,Security Force,,2025-10-16T14:51:22+00,2025-10-16T14:51:22+00,,
ea01e493-4cce-4709-bb95-414a3ac57bb8,"Develop post orders that describe in detail the duties and responsibilities of the security force. After comprehensive post orders are developed, ensure that they are kept current and accessible. Comprehensive post orders may serve to express the policies of the protected enterprise, summarize required officer duties, avoid problems associated with of word-of-mouth instructions, and provide a basis for site-specific training. They are the vital link between the requirements of the facility and the ability of security personnel to effectively meet those requirements.",Security Force,,2025-10-16T14:51:22+00,2025-10-16T14:51:22+00,,
2d4dc884-91e5-4dff-8eab-b67f9933dcf3,Install fencing appropriate for the facility type. Determine the appropriate role of the fencing either to demarcate the boundary of the site to protect against trespassing; provide access control by channeling individuals through authorized access points; and/or to protect against unauthorized entry by providing increased access delay and more time for assessment.,Perimeter Security,,2025-10-16T14:51:22+00,2025-10-16T14:51:22+00,,
b7c7145d-654d-4a6f-8545-aa862d11cc5b,"Consult Site and Urban Design for Security: Guidance against Potential Terrorist Attacks (FEMA 430), available at a https://www.fema.gov/media-library-data/20130726-1624-20490-9648/fema430.pdf, for more information.",Perimeter Security,,2025-10-16T14:51:22+00,2025-10-16T14:51:22+00,,
2170841a-021d-4c6a-a923-2eed1a832242,"Employ Crime Prevention Through Environmental Design (CPTED) principles and/or barriers (e.g., bollards, decorative flower pots, high curbs, shallow ditches) to provide enhanced penetration delay. Consult Appendix A of Site and Urban Design for Security: Guidance against Potential Terrorist Attacks (FEMA 430), available at www.fema.gov/media-library-data/20130726-1624-20490-9648/fema430.pdf, and Tables 2.4 and 2.5 of Reference Manual to Mitigate Potential Terrorist Attacks Against Buildings (FEMA 426/BIPS 06), available at https://www.dhs.gov/xlibrary/assets/st/st-bips-06.pdf, for more information.",Perimeter Security,,2025-10-16T14:51:22+00,2025-10-16T14:51:22+00,,
055aef44-9fff-49b4-ab12-8895de0a1adf,Install additional fencing to enclose the facility to the maximum extent possible.,Perimeter Security,,2025-10-16T14:51:22+00,2025-10-16T14:51:22+00,,
b1b94bf5-7785-456e-9f70-22f9cfea6ced,"Explore the feasibility of improving the landscape to supplement the existing facility perimeter fence. Landscaping examples include earthen berms, low-growing shrubs, plants, or trees. Shrubs or plants with spines or thorns may be used in conjunction with the fence to provide increased penetration delay.",Perimeter Security,,2025-10-16T14:51:22+00,2025-10-16T14:51:22+00,,
09bd12c4-f840-439c-8ee0-4ec7b69107a8,"Post visible, well-placed warning signs on the fence. Signs may act as a deterrent and/or provide safety information for unauthorized personnel. Signs are usually placed on boundary fences, typically at 50-foot intervals, to indicate ownership and to warn of possible danger within. In areas where two or more languages are commonly spoken, the warning signs must use both (or more) languages.",Perimeter Security,,2025-10-16T14:51:22+00,2025-10-16T14:51:22+00,,
26a545b3-5c61-4c4d-bcc5-fbce1cbae44d,"Install access control systems and/or implement access control procedures designed to permit only authorized access, detect and prevent contraband from being brought into the facility, and provide information to security personnel to facilitate the appropriate assessment and response. Effective access control can be established through the integrated use of guards, locks, credentials, and/or screening equipment (e.g., x-ray scanners, magnetometers).",Entry Controls,,2025-10-16T14:51:22+00,2025-10-16T14:51:22+00,,
e2f80e94-c25a-4797-b6de-06784b9d43bc,"Post security guards at entrances to facilitate access control procedures such as credential checks and searches. If this is not possible, integrate CCTV or other surveillance equipment to facilitate remote monitoring of access points.",Entry Controls,,2025-10-16T14:51:22+00,2025-10-16T14:51:22+00,,
ef9f1a6d-a46e-499e-b899-674cca667917,"Implement screening operations for the facility. Available screening options include, but are not limited to, x-ray scanners, magnetometers, package searches, and physical searches. Post signage to notify potential entrants that screening is a prerequisite for entry into the facility.",Entry Controls,,2025-10-16T14:51:22+00,2025-10-16T14:51:22+00,,
6a6a2c2a-ee03-4fb5-abbb-7359a681ef9b,Issue photo ID badges to all employees. Implement a process for badge verification before employees gain access to the facility. Require badges to be displayed onsite at all times.,Entry Controls,,2025-10-16T14:51:22+00,2025-10-16T14:51:22+00,,
5dd419bf-0897-4db2-bbb9-a89c1cb95da6,Review all requests for visitor access.,Entry Controls,,2025-10-16T14:51:22+00,2025-10-16T14:51:22+00,,
4f437161-9ba8-4792-a353-a01ebbdf3b66,"Evaluate the need to screen visitor requests (e.g., with local law enforcement) to identify issues before authorizing access.",Entry Controls,,2025-10-16T14:51:22+00,2025-10-16T14:51:22+00,,
b69770f1-f0b3-475c-b9be-addedb5d3b6f,Maintain a list of regular visitors to the facility.,Entry Controls,,2025-10-16T14:51:22+00,2025-10-16T14:51:22+00,,
22c17061-22b0-40cd-a93f-04e37587e2fe,Limit visitor access to the facility at a level consistent with onsite safety and security requirements.,Entry Controls,,2025-10-16T14:51:22+00,2025-10-16T14:51:22+00,,
154f564e-972b-4ad6-b933-99579da66543,Require visitors to sign in and sign out.,Entry Controls,,2025-10-16T14:51:22+00,2025-10-16T14:51:22+00,,
86e091e3-9b7a-4145-93f2-3ef2bf17aaed,Issue badges to visitors and require badges to be displayed at all times at the facility. Collect badges when visits are complete.,Entry Controls,,2025-10-16T14:51:22+00,2025-10-16T14:51:22+00,,
37a5539f-a1f7-46c7-a732-4d61b97bea81,Maintain a list of regular contractors/vendors.,Entry Controls,,2025-10-16T14:51:22+00,2025-10-16T14:51:22+00,,
135554c0-b02b-42b1-b894-8eb6e232a7b5,Limit contractor/vendor access to the facility at a level consistent with onsite safety and security requirements.,Entry Controls,,2025-10-16T14:51:22+00,2025-10-16T14:51:22+00,,
eb7572e0-0768-431b-8ecb-687ff99ae73a,Require contractors/vendors to sign in and sign out.,Entry Controls,,2025-10-16T14:51:22+00,2025-10-16T14:51:22+00,,
3fe8aef5-b609-4692-94af-335ffd07d60d,Issue badges to contractors/vendors and require badges to be displayed at all times at the facility. Collect badges when visits are complete.,Entry Controls,,2025-10-16T14:51:22+00,2025-10-16T14:51:22+00,,
51fa7096-11d9-4e30-b35b-b69eaac8af86,"Escort contractors/vendors as necessary, either at all times or only in sensitive/critical areas.",Entry Controls,,2025-10-16T14:51:22+00,2025-10-16T14:51:22+00,,
329a5982-a343-4754-b9a7-d97bb587c192,Limit customer/patron/public access to the facility at a level consistent with onsite safety and security requirements.,Entry Controls,,2025-10-16T14:51:22+00,2025-10-16T14:51:22+00,,
1975eb67-ccb9-49d6-8ba0-6b804df3898f,Install a video intercom system that would allow staff to interact with customers and visitors prior to gaining entry to the rest of the facility,Entry Controls,,2025-10-16T14:51:22+00,2025-10-16T14:51:22+00,,
9b94a6a2-38c9-4713-9894-0507f3310aa1,"Train security volunteers and greeters to be on the lookout for suspicious persons and/or activity around their facilities, particularly during services and other gatherings. Report suspicious activity, persons, and vehicles immediately to local law enforcement and/or security personnel.",Entry Controls,,2025-10-16T14:51:22+00,2025-10-16T14:51:22+00,,
092e6867-317b-4b34-8319-e1460d68aa62,"Train the volunteers how to initiate lock-down procedures, if warranted, and how to communicate security information quickly.",Entry Controls,,2025-10-16T14:51:22+00,2025-10-16T14:51:22+00,,
5bdb8bb9-6f59-457f-8552-2e80d575ab3f,Place the security volunteer/greeter at or just outside the main entrance area(s) of the facility with the dual purpose of welcoming/vetting visitors and providing a watchful eye against potential threats approaching the facility.,Entry Controls,,2025-10-16T14:51:22+00,2025-10-16T14:51:22+00,,
2705f15b-b7c4-4a4d-9307-3ccd2d0a87fb,Post security guards at entrances to facilitate access control procedures such as credential checks and searches on special event days.,Entry Controls,,2025-10-16T14:51:22+00,2025-10-16T14:51:22+00,,
cef2909c-91f4-4ab0-8bd9-7cd3dc195108,"Implement screening operations for the facility. Available screening options include, but are not limited to, x-ray scanners, magnetometers, bag searches, and physical searches. Post signage to notify potential entrants that screening is a prerequisite for entry into the facility.",Entry Controls,,2025-10-16T14:51:22+00,2025-10-16T14:51:22+00,,
7a11ac03-1fba-459e-bda4-10bfc59f7fc4,"Resources related to access controls for special events and other security-related topics are available from the Commercial Facilities Sector-Specific Agency. Resources are publicly available through the DHS website, at https://www.dhs.gov/commercial-facilities-sector. Such resources include the Check It! video which provides information to help employees conduct bag searches properly. Additional resources are available through HSIN. Consult your local PSA to become a member of the HSIN community. Information about HSIN is also available via the DHS website, at https://www.dhs.gov/homeland-security-information-network.",Entry Controls,,2025-10-16T14:51:22+00,2025-10-16T14:51:22+00,,
5bbce787-1064-417d-8b85-bf59792aaae8,Issue photo ID badges to all employees. Implement a process for badge verification before employees gain access to the facility. Collect employee badges from terminated personnel.,Entry Controls,,2025-10-16T14:51:22+00,2025-10-16T14:51:22+00,,
626d86e4-7892-4808-87d7-d3036c85c2c4,"Issue unique badges (e.g., color-coded) to visitors, contractors, vendors, cleaning crews, and temporary employees. Collect badges when visits are complete.",Entry Controls,,2025-10-16T14:51:22+00,2025-10-16T14:51:22+00,,
e7df20dd-e4e6-4680-b828-8d1bccec7e1e,Require badges to be displayed at all times at the facility.,Entry Controls,,2025-10-16T14:51:22+00,2025-10-16T14:51:22+00,,
d791289d-1ffc-4af0-87c6-ab97b873bf27,Enforce badging system requirements consistently.,Entry Controls,,2025-10-16T14:51:22+00,2025-10-16T14:51:22+00,,
dcf2ec6a-d8b2-4a1e-93b1-5ecc5132cd42,Establish a keycard control program that includes a database of cardholders and a system for the retrieval of keycards from terminated personnel. Regularly review the keycard database and access activity reports.,Entry Controls,,2025-10-16T14:51:22+00,2025-10-16T14:51:22+00,,
610479ff-7846-4dfa-8428-de900e82e61e,"Explore options to establish access levels (i.e., to sensitive or critical areas) using the keycard system.",Entry Controls,,2025-10-16T14:51:22+00,2025-10-16T14:51:22+00,,
539fe416-4af9-4e10-8895-eca787521f62,"Evaluate the need for dedicated, trained security staff to continuously monitor keycard access control system alarm and event activity.",Entry Controls,,2025-10-16T14:51:22+00,2025-10-16T14:51:22+00,,
0d4231c1-4815-4bb3-aa3f-70ea16a5ca71,"Explore options (i.e., physical barriers, active monitoring by posted security personnel) to establish anti-passback controls that prevent cardholders from passing their keycards to grant access to someone else outside the secured area.",Entry Controls,,2025-10-16T14:51:22+00,2025-10-16T14:51:22+00,,
b8dd7c4f-8ce3-4198-8d93-69c975bfd8fe,"Establish a 'no piggybacking' policy that requires everyone to use their own keycards for access. Explore options to enforce this policy, such as physical barriers (i.e., mantraps) and active monitoring by posted security personnel.",Entry Controls,,2025-10-16T14:51:22+00,2025-10-16T14:51:22+00,,
f07dcbe4-3112-4782-8188-6d3149b30869,Explore procuring a badge access system that allows proximity card access into the facility. This system could be procured as part of planned facility upgrades and enhancements.,Entry Controls,,2025-10-16T14:51:22+00,2025-10-16T14:51:22+00,,
448056c3-b809-4ed1-af1c-42fac7862183,"Identify sensitive/critical areas (e.g., control rooms, server rooms, mailrooms, fuel or chemical storage areas, utility service areas) that need access controls. Implement access controls (e.g.. locks) for these areas as necessary.",Entry Controls,,2025-10-16T14:51:22+00,2025-10-16T14:51:22+00,,
9395743b-a39b-4853-a59b-5d2f73b523a5,Explore options to restrict access to sensitive/critical areas using the existing keycard system.,Entry Controls,,2025-10-16T14:51:22+00,2025-10-16T14:51:22+00,,
8ca185cd-e592-4a51-9ef9-0e45cd6272c3,Explore options to restrict access to sensitive/critical areas using a keycard system.,Entry Controls,,2025-10-16T14:51:22+00,2025-10-16T14:51:22+00,,
5ae4ea01-3396-4b3d-83c7-1e8e73cb9d86,"Conduct an internal circulation study to understand the feasibility of locking down building sections either manually or, preferably, with automated technology.",Entry Controls,,2025-10-16T14:51:22+00,2025-10-16T14:51:22+00,,
7d78e1dd-edbc-484e-8197-ec380ac19e6a,Identify areas within the facility that need additional access controls. Implement controls (e.g.. locks) for these areas as necessary.,Entry Controls,,2025-10-16T14:51:22+00,2025-10-16T14:51:22+00,,
074f6304-59a0-45ae-a82e-1a6e91f09041,Explore options to establish access levels to sensitive/critical areas using the existing keycard system.,Entry Controls,,2025-10-16T14:51:22+00,2025-10-16T14:51:22+00,,
94f8ea0e-1ccd-4b4b-bae8-da2fae7dba8c,Explore options to establish access levels to sensitive/critical areas using a keycard system.,Entry Controls,,2025-10-16T14:51:22+00,2025-10-16T14:51:22+00,,
f13bdcbc-4400-420b-939f-454d5764b22b,"Post security guards at access points to sensitive/critical areas to enforce access control procedures such as credential checks and searches. If this is not possible, integrate CCTV or other surveillance equipment to facilitate remote monitoring of access points.",Entry Controls,,2025-10-16T14:51:22+00,2025-10-16T14:51:22+00,,
5383a386-b19d-44eb-b2a3-5f2977a11289,"Evaluate the number of unsecured or unnecessary access points available for ingress, and explore ways to limit the number of access points or eliminate extraneous points of entry.",Entry Controls,,2025-10-16T14:51:22+00,2025-10-16T14:51:22+00,,
7fb525cb-2e0e-49d0-a92e-2c24517dd1ae,Ensure effective locking mechanisms exist on doors. Keep doors locked when not actively monitored and in use.,Entry Controls,,2025-10-16T14:51:22+00,2025-10-16T14:51:22+00,,
a1ee7086-371a-4793-9ed5-0d606c3662e6,Integrate a locked door that separates the foyer from access to the interior of the facility.,Entry Controls,,2025-10-16T14:51:22+00,2025-10-16T14:51:22+00,,
341b49f0-9f4f-4ad3-b676-b4558d48aa57,Add a video intercom system for the receptionist to identify visitors before allowing them entry.,Entry Controls,,2025-10-16T14:51:22+00,2025-10-16T14:51:22+00,,
61fdbef6-872e-4992-b590-07063b8169ff,Add a duress alarm (panic button) for the receptionist.,Entry Controls,,2025-10-16T14:51:22+00,2025-10-16T14:51:22+00,,
3f8ab729-8d16-4008-89d0-66f3bde1e81c,Establish a key control program that includes a system for the retrieval of keys from terminated personnel and a formal inventory of key assignments.,Entry Controls,,2025-10-16T14:51:22+00,2025-10-16T14:51:22+00,,
0b97d1fb-c6f0-47cf-91b4-aa1c4029872f,Ensure that keys cannot be easily duplicated. Options include patented and restricted key profiles with controlled manufacturing.,Entry Controls,,2025-10-16T14:51:22+00,2025-10-16T14:51:22+00,,
162a1405-5bf9-4d4b-b43f-60ea3172fc5f,Limit the use of master keys for secured sensitive or critical areas to select security personnel.,Entry Controls,,2025-10-16T14:51:22+00,2025-10-16T14:51:22+00,,
1a7bb36e-af83-4e6c-861b-9d686ef15336,Designate a key control officer to manage the key control program and conduct regular key inventories.,Entry Controls,,2025-10-16T14:51:22+00,2025-10-16T14:51:22+00,,
5fb25521-e536-4973-a2f3-374e25028c90,"Post security guards at vehicle entrances to facilitate access control procedures such as credential checks and searches. If this is not possible, integrate CCTV or other surveillance equipment to facilitate remote monitoring of vehicle access points.",Entry Controls,,2025-10-16T14:51:22+00,2025-10-16T14:51:22+00,,
db514a41-7528-48ea-9157-4f3d8f17d1e1,"In the absence of a security force, pursue a policy in which facility employees are empowered to report any suspicious vehicles or activity in parking lots or structures.",Entry Controls,,2025-10-16T14:51:22+00,2025-10-16T14:51:22+00,,
c1291fa1-a0cc-48d7-98ae-a8595e9052e0,Explore the feasibility of executing searches on all vehicles entering the controlled parking area for the facility.,Entry Controls,,2025-10-16T14:51:22+00,2025-10-16T14:51:22+00,,
785c33dc-2474-4e45-9889-587884a1666e,Execute random searches on vehicles entering the controlled parking area for the facility. Evaluate the need to conduct searches on all vehicles at elevated threat levels.,Entry Controls,,2025-10-16T14:51:22+00,2025-10-16T14:51:22+00,,
5c6ee508-f045-4410-a521-98ccf63d86f0,"Positively identify all vehicles and drivers that enter the facility. Deny access to suspicious vehicles/drivers and those with improper documentation (e.g., cargo manifest). Deny access to drivers who fail to provide identification and/or submit to inspection.",Entry Controls,,2025-10-16T14:51:22+00,2025-10-16T14:51:22+00,,
ebba80dc-2f52-4703-b70a-13050ca35d20,Maintain a database of employee vehicles. Issue permits for designated areas.,Entry Controls,,2025-10-16T14:51:22+00,2025-10-16T14:51:22+00,,
f3ee1417-e4cc-41ff-a373-ea771055a984,Evaluate the feasibility of using centralized parking and shuttle services to keep vehicles away from critical areas.,Entry Controls,,2025-10-16T14:51:22+00,2025-10-16T14:51:22+00,,
db72a571-10ba-4907-98a7-4b3487bfa638,"Standoff,Vehicles can park within 400 feet of the facility. Access to the parking area is uncontrolled. The lack of rigorous vehicle access control procedures increases the vulnerability of the facility to a vehicle-borne attack.,Explore options to implement vehicle access control procedures within 400 feet of the facility. Options to consider include vehicle screening and locked vehicle access points.",Parking,,2025-10-16T14:51:22+00,2025-10-16T14:51:22+00,,
f7ede402-81be-4245-80fb-2d13ca6901f1,"Standoff,Vehicles can park within 400 feet of the facility. Access to the parking area is uncontrolled. The lack of rigorous vehicle access control procedures increases the vulnerability of the facility to a vehicle-borne attack.,Explore options to restrict parking within 400 feet of the facility, to minimize consequences from potential VBIEDS.",Parking,,2025-10-16T14:51:22+00,2025-10-16T14:51:22+00,,
cfff407f-6854-4cb4-8c59-0b7be8c16c57,"Standoff,Vehicles can park within 400 feet of the facility. Access to the parking area is uncontrolled. The lack of rigorous vehicle access control procedures increases the vulnerability of the facility to a vehicle-borne attack.,Locate drop-off zones at least 400 feet from the facility.",Parking,,2025-10-16T14:51:22+00,2025-10-16T14:51:22+00,,
d573adb2-ab61-4064-8152-618f98658ce5,"Standoff,Vehicles can park within 400 feet of the facility. Access to the parking area is uncontrolled. The lack of rigorous vehicle access control procedures increases the vulnerability of the facility to a vehicle-borne attack.,Locate visitor or general public parking at least 400 feet from the facility.",Parking,,2025-10-16T14:51:22+00,2025-10-16T14:51:22+00,,
306bb93e-85db-4275-b346-aed94c6fe662,"Standoff,Vehicles can park within 400 feet of the facility. Access to the parking area is uncontrolled. The lack of rigorous vehicle access control procedures increases the vulnerability of the facility to a vehicle-borne attack.,Allow only permit parking by authorized individuals of inspected vehicles within 400 feet of the facility.",Parking,,2025-10-16T14:51:22+00,2025-10-16T14:51:22+00,,
b1efd31e-1aa0-44ae-b236-b81bd8e36133,"Standoff,Vehicles can park within 400 feet of the facility. Access to the parking area is uncontrolled. The lack of rigorous vehicle access control procedures increases the vulnerability of the facility to a vehicle-borne attack.,(1) Determine the facility's susceptibility to blast. Consult Reference Manual to Mitigate Potential Terrorist Attacks Against Buildings (FEMA 426/BIPS 06), available at https://www.dhs.gov/xlibrary/assets/st/st-bips-06.pdf, for more information, especially Chapters 2 and 3: Chapter 2 discusses blast design concerns and protective measures for areas surrounding buildings. Chapter 3 discusses the nature of explosive blasts, their effects on buildings and occupants, and the concept of levels of protection. In addition, review the DHS Bomb Threat Stand-off Chart, available through the Homeland Security Digital Library, at https://www.hsdl.org/?abstract&did=4506. (2) Based on the facility's potential vulnerabilities, explore the feasibility of conducting a preliminary blast analysis using simple, commercially available building modeling and software designed to support the ability to address blast mitigation and potential VBIED threats, such as A.T.-BLAST by ARA Applied Research Associates. (3) Based on the results from the preliminary blast analysis, explore the feasibility of consulting with an engineering firm that specializes in structural fragility to procure a professional blast assessment to inform capital investments intended to protect personnel and the facility against blast.",Parking,,2025-10-16T14:51:22+00,2025-10-16T14:51:22+00,,
d5b2c400-85d2-4524-8481-fe9f3220a35a,"Standoff,Uncontrolled parking is available adjacent to the facility, on the street.,Explore the feasibility of installing high curbs and other measures to keep vehicles from departing the roadway in an effort to avoid security countermeasures.",Parking,,2025-10-16T14:51:22+00,2025-10-16T14:51:22+00,,
04dcd316-bc93-49ad-944f-1c11da3977ba,"Standoff,Uncontrolled parking is available adjacent to the facility, on the street.,Explore the feasibility of restricting or eliminating parking along the curb, and/or eliminating street-side loading zones for high-risk assets.",Parking,,2025-10-16T14:51:22+00,2025-10-16T14:51:22+00,,
03918eaf-24f1-427c-bcaf-668c11e650e1,"Standoff,Uncontrolled parking is available adjacent to the facility, on the street.,Request appropriate permits to restrict parking in curb lanes in densely populated areas to company-owned vehicles or key employee vehicles.",Parking,,2025-10-16T14:51:22+00,2025-10-16T14:51:22+00,,
3ea32acd-2cee-4ccc-9ab6-e058d8dfab5c,"Standoff,Uncontrolled parking is available adjacent to the facility, on the street.,Explore the feasibility of prohibiting street parking or enacting lane closure as a temporary measure during times of increased alert. Carefully plan such closures against elevated threats to avoid improvising with unaesthetic and disruptive measures.",Parking,,2025-10-16T14:51:22+00,2025-10-16T14:51:22+00,,
0ba4b221-6e8c-4efb-9038-e1d8d2c312e9,"Standoff,Uncontrolled parking is available adjacent to the facility, on the street.,(1) Determine the facility's susceptibility to blast. Consult Reference Manual to Mitigate Potential Terrorist Attacks Against Buildings (FEMA 426/BIPS 06), available at https://www.dhs.gov/xlibrary/assets/st/st-bips-06.pdf, for more information, especially Chapters 2 and 3: Chapter 2 discusses blast design concerns and protective measures for areas surrounding buildings. Chapter 3 discusses the nature of explosive blasts, their effects on buildings and occupants, and the concept of levels of protection. In addition, review the DHS Bomb Threat Stand-off Chart, available through the Homeland Security Digital Library, at https://www.hsdl.org/?abstract&did=4506. (2) Based on the facility's potential vulnerabilities, explore the feasibility of conducting a preliminary blast analysis using simple, commercially available building modeling and software designed to support the ability to address blast mitigation and potential VBIED threats, such as A.T.-BLAST by ARA Applied Research Associates. (3) Based on the results from the preliminary blast analysis, explore the feasibility of consulting with an engineering firm that specializes in structural fragility to procure a professional blast assessment to inform capital investments intended to protect personnel and the facility against blast.",Parking,,2025-10-16T14:51:22+00,2025-10-16T14:51:22+00,,
7329c01e-5b68-4b7e-a09c-2e169520cc20,"Standoff,Uncontrolled parking is available under the building.,Permit parking only for company vehicles and employees of the building.",Parking,,2025-10-16T14:51:22+00,2025-10-16T14:51:22+00,,
d11974e3-e709-4da6-b9bc-40f3170e3154,"Standoff,Uncontrolled parking is available under the building.,Require proper credentials for all passengers.",Parking,,2025-10-16T14:51:22+00,2025-10-16T14:51:22+00,,
4de59a40-30bb-4ace-bd53-7f826d7e72f8,"Standoff,Uncontrolled parking is available under the building.,Conduct full vehicle inspections.",Parking,,2025-10-16T14:51:22+00,2025-10-16T14:51:22+00,,
6cae237a-2105-4146-967a-74c50b97f048,"Standoff,Uncontrolled parking is available under the building.,Require ID checks for visitor parking.",Parking,,2025-10-16T14:51:22+00,2025-10-16T14:51:22+00,,
0dfb35f5-56b1-4ac7-b29f-c311387dfeb0,"Standoff,Uncontrolled parking is available under the building.,Ensure under-building parking is well-lighted and free of places of concealment and dead-end parking spaces.",Parking,,2025-10-16T14:51:22+00,2025-10-16T14:51:22+00,,
c0b0801d-3889-430c-b70c-91c2de610755,"Standoff,Uncontrolled parking is available above the building.,Permit parking only for company vehicles and employees of the building.",Parking,,2025-10-16T14:51:22+00,2025-10-16T14:51:22+00,,
6277dffa-4429-4cb2-8558-a45e065f4326,"Standoff,Uncontrolled parking is available above the building.,Require proper credentials for all passengers.",Parking,,2025-10-16T14:51:22+00,2025-10-16T14:51:22+00,,
e6fa8b96-8305-492e-af8b-7afa02a7e8ec,"Standoff,Uncontrolled parking is available above the building.,Conduct full vehicle inspections.",Parking,,2025-10-16T14:51:22+00,2025-10-16T14:51:22+00,,
2f3d25bb-695b-4b18-8c9a-925b527487df,"Standoff,Uncontrolled parking is available above the building.,Require ID checks for visitor parking.",Parking,,2025-10-16T14:51:22+00,2025-10-16T14:51:22+00,,
ceeb74e8-80c0-4e4a-80f4-24cf2cafb039,"Standoff,Uncontrolled parking is available above the building.,Maximize visibility for surveillance into, out of, and across the parking garage.",Parking,,2025-10-16T14:51:22+00,2025-10-16T14:51:22+00,,
28032483-30fb-4075-902d-00929e3577ce,"Standoff,Parking in the uncontrolled parking area is not monitored in any way.,Explore the feasibility of providing 24/7 CCTV monitoring for the parking area. Although CCTV coverage may need to be limited in its scope, it can still provide satisfactory coverage.",Parking,,2025-10-16T14:51:22+00,2025-10-16T14:51:22+00,,
55457beb-b5a3-4299-80c5-b8d83167436a,"Standoff,Parking in the uncontrolled parking area is not monitored in any way.,Install cameras in areas such as the main entrance, at all vehicle access control points, guard booths, cashier booths, and elevator lobbies on every floor. This will ensure more than adequate security.",Parking,,2025-10-16T14:51:22+00,2025-10-16T14:51:22+00,,
1a74825e-410c-41e3-ba4d-38ab73932547,"Standoff,Parking in the uncontrolled parking area is not monitored in any way.,Position the cameras to view the parking ramps and driveways as well as the intercom stations.",Parking,,2025-10-16T14:51:22+00,2025-10-16T14:51:22+00,,
3a891e2e-5614-4fe4-a0d2-4f126dda0959,"Standoff,Parking in the uncontrolled parking area is not monitored in any way.,Ensure lighting adequately illuminates activity in the parking area for viewing and videotaping.",Parking,,2025-10-16T14:51:22+00,2025-10-16T14:51:22+00,,
086bf118-1e12-4218-aa9c-bfd4537df0bc,"Standoff,Parking in the uncontrolled parking area is not monitored in any way.,Ensure that the security force conducts roving patrols of the parking area. Routes and times for patrols should also be varied at frequent intervals to preclude establishing a routine that potential intruders may observe.",Parking,,2025-10-16T14:51:22+00,2025-10-16T14:51:22+00,,
6451aad4-edb1-4978-874b-3e03787e95e4,"Standoff,There are no procedures or policies to identify and act on unauthorized vehicles parked in the uncontrolled parking area for an extended period.,Implement standard operating procedures to address unauthorized, suspicious, and extended-stay vehicles. Processes to consider include reporting vehicles to security and/or local law enforcement, and contracting with an area towing company for vehicle removal.",Parking,,2025-10-16T14:51:22+00,2025-10-16T14:51:22+00,,
cda46556-7acb-4a16-ba8f-b46a99002b3a,"Standoff,There are no procedures or policies to identify and act on unauthorized vehicles parked in the uncontrolled parking area for an extended period.,Train security personnel on the standard operating procedures to address unauthorized, suspicious, and extended-stay vehicles.",Parking,,2025-10-16T14:51:22+00,2025-10-16T14:51:22+00,,
856938e4-25d1-46da-b410-d3d8e50c5868,"Evaluate vehicle traffic patterns near the facility. Design and implement strategies to reduce vehicle speeds, improve pedestrian safety, and reduce the threat of vehicle approach velocities.",Barriers,,2025-10-16T14:51:22+00,2025-10-16T14:51:22+00,,
83cf50eb-956e-4c2a-b698-89563e5c9906,"Install barriers to mitigate high-speed avenues of approach, deny vehicle entry, and provide perimeter protection. Options include, but are not limited to, fixed and retractable bollards, engineered planters, heavy objects and trees, walls and ha-ha barriers, water obstacles, and Jersey barriers.",Barriers,,2025-10-16T14:51:22+00,2025-10-16T14:51:22+00,,
80236c53-c16f-4191-9dc7-d1af862f77cb,"Install fixed bollards, engineered planters, and/or heavy objects to mitigate high-speed avenues of approach.",Barriers,,2025-10-16T14:51:22+00,2025-10-16T14:51:22+00,,
0980770d-5091-48f0-b81c-19c1b2914c55,"Install a bollard system that is well-integrated into the perimeter security design and the streetscape to minimize visual impact. Bollard height should typically not be more than 30 inches. Bollard spacing should be between 36 and 43 inches, depending on the kind of traffic expected and the needs of pedestrians and the handicapped.",Barriers,,2025-10-16T14:51:22+00,2025-10-16T14:51:22+00,,
632f0e6f-adb1-4488-80c1-b0c82760df0e,"Install planters with considerable reinforcing and below-grade depth for effectiveness. Maintain a maximum distance of 4 feet between planters and other permanent streetscape elements, depending on the kind of traffic anticipated. Orient planters in a direction parallel to the curb or primary flow of pedestrian traffic. Do not place planter or a line of planters perpendicular to the curb.",Barriers,,2025-10-16T14:51:22+00,2025-10-16T14:51:22+00,,
026e339e-4a1a-4752-a5d1-40c0bdaa4249,"Install heavy objects that can resist vehicle penetration, such as boulders, sculptures, and trees. Such objects need varying degrees of embedment and reinforcement, depending on their weight, footprint, and height/width ratio.",Barriers,,2025-10-16T14:51:22+00,2025-10-16T14:51:22+00,,
5e55db40-f78a-4dd8-bc0b-6d18e921414b,"Explore the possibility of erecting walls, which includes retaining walls and freestanding walls, that may be constructed of concrete, concrete masonry, brick, natural stone, or other materials typically reinforced with steel.",Barriers,,2025-10-16T14:51:22+00,2025-10-16T14:51:22+00,,
d27518a7-d2f6-4e02-a359-08081c41719b,"Install Jersey barriers. To be effective, Jersey barriers need to be embedded and include vertical anchorage of steel reinforcing through the barrier into the pavement.",Barriers,,2025-10-16T14:51:22+00,2025-10-16T14:51:22+00,,
e538e647-15c9-4c99-a53d-a06bfa39a1d3,Install Jersey barriers as a temporary solution. Jersey barriers are relatively inexpensive and readily available.,Barriers,,2025-10-16T14:51:22+00,2025-10-16T14:51:22+00,,
2fd1afd3-8a2f-4302-a228-dbae8db301f3,"Explore the possibility of adding speed controls (e.g., serpentines or speed bumps) to limit vehicle speed at impact.",Barriers,,2025-10-16T14:51:22+00,2025-10-16T14:51:22+00,,
91ae61b6-ecc5-4409-8546-e0fc27fe4e03,"Explore the possibility of installing active barriers, such as retractable bollards or a wedge system, to mitigate high-speed avenues of approach. Active barriers must be tended at all times by trained personnel and require regular maintenance to ensure continued operation.",Barriers,,2025-10-16T14:51:22+00,2025-10-16T14:51:22+00,,
0750e4bf-b83c-4007-b829-235eb9071b07,"Explore the possibility of using CPTED principles, concepts, and strategies (e.g., water barriers, landscaping) to install barriers. Consult Appendix A of Site and Urban Design for Security: Guidance against Potential Terrorist Attacks (FEMA 430), available at https://www.fema.gov/media-library-data/20130726-1624-20490-9648/fema430.pdf, and Tables 2.4 and 2.5 of Reference Manual to Mitigate Potential Terrorist Attacks Against Buildings (FEMA 426/BIPS 06), available at https://www.dhs.gov/xlibrary/assets/st/st-bips-06.pdf for more information.",Barriers,,2025-10-16T14:51:22+00,2025-10-16T14:51:22+00,,
4dfa1c6f-9559-4d50-a425-1593a82cc208,"Employ temporary passive barriers (e.g.. Jersey barriers) to eliminate straight-line vehicular access to the facility as needed (e.g., under special circumstances or during elevated threat situations).",Barriers,,2025-10-16T14:51:22+00,2025-10-16T14:51:22+00,,
ba29c758-4ffa-4d68-8cd3-b4f2ce0d2d88,Use vehicles as temporary physical barriers to eliminate straight-line vehicular access to the facility during elevated threat conditions.,Barriers,,2025-10-16T14:51:22+00,2025-10-16T14:51:22+00,,
1c456d8d-c702-483a-8dea-130d061630c8,"Evaluate vehicle traffic patterns near the facility. Design and implement strategies to reduce vehicle speeds, improve pedestrian safety and increase standoff by installing bollards near entrances and critical assets.",Barriers,,2025-10-16T14:51:22+00,2025-10-16T14:51:22+00,,
2119a7fa-99fc-4fc8-a365-9d5232014397,Develop a barrier plan or traffic plan that enhances safety and security.,Barriers,,2025-10-16T14:51:22+00,2025-10-16T14:51:22+00,,
4fbc7a33-8a98-4e08-a550-ed12df1e6a64,"Consult Reference Manual to Mitigate Potential Terrorist Attacks Against Buildings (FEMA 426/BIPS 06), available at https://www.dhs.gov/xlibrary/assets/st/st-bips-06.pdf, for more information.",Building Envelope,,2025-10-16T14:51:22+00,2025-10-16T14:51:22+00,,
388639c2-05af-44f8-b0a7-3c6327cab2d5,"Install physical security measures, such as fencing, CCTV cameras, and motion detectors around air intakes to facilitate monitoring by security personnel.",Building Envelope,,2025-10-16T14:51:22+00,2025-10-16T14:51:22+00,,
8d754b62-87c4-4f4b-a866-5003ffa1f773,"Evaluate the weakest points of entry into the facility and install IDS sensors as appropriate. Types of sensors used to detect interior intrusion include boundary penetration sensors, interior motion sensors, proximity sensors, door sensors, and window sensors.",Electronic Security Systems - IDS,,2025-10-16T14:51:22+00,2025-10-16T14:51:22+00,,
9320c84f-ccea-496e-81b5-12885691ead3,"Explore the feasibility of installing a comprehensive CCTV system onsite. Site-specific factors must be considered when selecting components that comprise a particular CCTV system. For example, the size of the system, in terms of the number of cameras needed, is the minimum number required to view all electronic security system sensor detection fields. In addition, some cameras may require artificial light sources. Finally, performance criteria and physical, environmental, and economic considerations must be factored into the component selection.",Electronic Security Systems - CCTV,,2025-10-16T14:51:22+00,2025-10-16T14:51:22+00,,
2b70ffd1-5910-4b0d-9323-ebc25c0ab39a,"Consult Reference Manual to Mitigate Potential Terrorist Attacks Against Buildings (FEMA 426/BIPS 06), available at https://www.dhs.gov/xlibrary/assets/st/st-bips-06.pdf, for more information.",Electronic Security Systems - CCTV,,2025-10-16T14:51:22+00,2025-10-16T14:51:22+00,,
0625af87-0c94-40e4-91d5-a2d1f65a6e6e,Explore the feasibility of installing a comprehensive CCTV system onsite.,Electronic Security Systems - CCTV,,2025-10-16T14:51:22+00,2025-10-16T14:51:22+00,,
df8d1f11-8288-43d7-a651-79152eaac317,Evaluate CCTV coverage of the facility perimeter to determine if it meets the facility's security requirements. Explore options to increase coverage as necessary.,Electronic Security Systems - CCTV,,2025-10-16T14:51:22+00,2025-10-16T14:51:22+00,,
99459dd1-0d9f-4d45-b63e-0d3b1401fba2,Evaluate CCTV coverage of areas of concern to determine if it meets the facility's security requirements. Explore options to increase coverage as necessary.,Electronic Security Systems - CCTV,,2025-10-16T14:51:22+00,2025-10-16T14:51:22+00,,
e5d20e34-b71d-437c-8ab0-d7ec82ebed1b,"Explore the feasibility of adding a CCTV security camera to the facility's main vehicular entrance, positioned/angled to capture license plate information and view through a windshield for subject identification.",Electronic Security Systems - CCTV,,2025-10-16T14:51:22+00,2025-10-16T14:51:22+00,,
94ec54eb-71af-4758-9857-906f7ec30b1a,"Evaluate the need for dedicated, trained security staff to monitor the CCTV system. Explore options to maximize the effectiveness of CCTV monitoring and observation, such as frequently rotating shifts for monitoring staff and limiting the number of cameras monitored by each staff member.",Electronic Security Systems - CCTV,,2025-10-16T14:51:22+00,2025-10-16T14:51:22+00,,
33bd80ac-075d-4d08-a50b-b2cc2ffcae31,"Evaluate the need to record CCTV video, and select video recording and storage systems for the facility as appropriate.",Electronic Security Systems - CCTV,,2025-10-16T14:51:22+00,2025-10-16T14:51:22+00,,
e27aff61-914e-4db5-a6b0-e846d299283a,"Install lighting for fences, gates, and/or parking areas. Before installation, determine the appropriate type of lighting based on the overall requirements of the site and the building (e.g., continuous or standby). In addition, consider operational costs, such as life-cycle costs for energy and maintenance, when designing an appropriate lighting situation, because of their effect on project sustainability.",Illumination,,2025-10-16T14:51:22+00,2025-10-16T14:51:22+00,,
a4d68770-9b5f-4ceb-b178-2f637fd04ad2,"Update the lighting system to ensure illumination uniformity, so that security personnel can see ahead and to the sides with an absence of dark areas caused by shadows. Lighting should be brightest in secure areas, with the light gradually less in areas adjacent to high-illumination areas.",Illumination,,2025-10-16T14:51:22+00,2025-10-16T14:51:22+00,,
255ae2a4-0a0f-4803-a18b-62852252b8f6,"Ensure that the backup power supply covers most existing lights, not only lights for critical locations.",Illumination,,2025-10-16T14:51:22+00,2025-10-16T14:51:22+00,,
